graph,kernel,algo,mode,trial,time_ms
syn_w16,bfs,Async,async,1,52.0
syn_w16,bfs,Sync,sync,1,9448.0
syn_w16,bfs,Sync,sync,2,9142.0
syn_w16,bfs,Async,async,2,55.0
syn_w16,bfs,Async,async,3,58.0
syn_w16,bfs,Sync,sync,3,9471.0
syn_w16,bfs,Sync,sync,4,9454.0
syn_w16,bfs,Async,async,4,52.0
syn_w16,bfs,Async,async,5,62.0
syn_w16,bfs,Sync,sync,5,9536.0
syn_w16,bfs,Sync,sync,6,9585.0
syn_w16,bfs,Async,async,6,60.0
syn_w16,bfs,Async,async,7,60.0
syn_w16,bfs,Sync,sync,7,9540.0
syn_w16,sssp,deltaStep,async,1,111.0
syn_w16,sssp,deltaStepBarrier,sync,1,115.0
syn_w16,sssp,deltaStepBarrier,sync,2,122.0
syn_w16,sssp,deltaStep,async,2,132.0
syn_w16,sssp,deltaStep,async,3,125.0
syn_w16,sssp,deltaStepBarrier,sync,3,119.0
syn_w16,sssp,deltaStepBarrier,sync,4,109.0
syn_w16,sssp,deltaStep,async,4,118.0
syn_w16,sssp,deltaStep,async,5,106.0
syn_w16,sssp,deltaStepBarrier,sync,5,140.0
syn_w16,sssp,deltaStepBarrier,sync,6,127.0
syn_w16,sssp,deltaStep,async,6,104.0
syn_w16,sssp,deltaStep,async,7,115.0
syn_w16,sssp,deltaStepBarrier,sync,7,117.0
syn_w256,bfs,Async,async,1,25.0
syn_w256,bfs,Sync,sync,1,663.0
syn_w256,bfs,Sync,sync,2,702.0
syn_w256,bfs,Async,async,2,31.0
syn_w256,bfs,Async,async,3,31.0
syn_w256,bfs,Sync,sync,3,656.0
syn_w256,bfs,Sync,sync,4,661.0
syn_w256,bfs,Async,async,4,29.0
syn_w256,bfs,Async,async,5,26.0
syn_w256,bfs,Sync,sync,5,663.0
syn_w256,bfs,Sync,sync,6,716.0
syn_w256,bfs,Async,async,6,26.0
syn_w256,bfs,Async,async,7,25.0
syn_w256,bfs,Sync,sync,7,733.0
syn_w256,sssp,deltaStep,async,1,1305.0
syn_w256,sssp,deltaStepBarrier,sync,1,1321.0
syn_w256,sssp,deltaStepBarrier,sync,2,1306.0
syn_w256,sssp,deltaStep,async,2,1350.0
syn_w256,sssp,deltaStep,async,3,1361.0
syn_w256,sssp,deltaStepBarrier,sync,3,1346.0
syn_w256,sssp,deltaStepBarrier,sync,4,1325.0
syn_w256,sssp,deltaStep,async,4,1305.0
syn_w256,sssp,deltaStep,async,5,1292.0
syn_w256,sssp,deltaStepBarrier,sync,5,1364.0
syn_w256,sssp,deltaStepBarrier,sync,6,1365.0
syn_w256,sssp,deltaStep,async,6,1349.0
syn_w256,sssp,deltaStep,async,7,1389.0
syn_w256,sssp,deltaStepBarrier,sync,7,1477.0
syn_w4096,bfs,Async,async,1,21.0
syn_w4096,bfs,Sync,sync,1,55.0
syn_w4096,bfs,Sync,sync,2,55.0
syn_w4096,bfs,Async,async,2,21.0
syn_w4096,bfs,Async,async,3,22.0
syn_w4096,bfs,Sync,sync,3,61.0
syn_w4096,bfs,Sync,sync,4,89.0
syn_w4096,bfs,Async,async,4,23.0
syn_w4096,bfs,Async,async,5,23.0
syn_w4096,bfs,Sync,sync,5,51.0
syn_w4096,bfs,Sync,sync,6,50.0
syn_w4096,bfs,Async,async,6,24.0
syn_w4096,bfs,Async,async,7,24.0
syn_w4096,bfs,Sync,sync,7,59.0
syn_w4096,sssp,deltaStep,async,1,1706.0
syn_w4096,sssp,deltaStepBarrier,sync,1,1658.0
syn_w4096,sssp,deltaStepBarrier,sync,2,1728.0
syn_w4096,sssp,deltaStep,async,2,1744.0
syn_w4096,sssp,deltaStep,async,3,1799.0
syn_w4096,sssp,deltaStepBarrier,sync,3,1650.0
syn_w4096,sssp,deltaStepBarrier,sync,4,1724.0
syn_w4096,sssp,deltaStep,async,4,1686.0
syn_w4096,sssp,deltaStep,async,5,1706.0
syn_w4096,sssp,deltaStepBarrier,sync,5,1710.0
syn_w4096,sssp,deltaStepBarrier,sync,6,1738.0
syn_w4096,sssp,deltaStep,async,6,1695.0
syn_w4096,sssp,deltaStep,async,7,1716.0
syn_w4096,sssp,deltaStepBarrier,sync,7,1737.0
syn_w0,bfs,Async,async,1,55.0
syn_w0,bfs,Sync,sync,1,38.0
syn_w0,bfs,Sync,sync,2,35.0
syn_w0,bfs,Async,async,2,47.0
syn_w0,bfs,Async,async,3,49.0
syn_w0,bfs,Sync,sync,3,44.0
syn_w0,bfs,Sync,sync,4,39.0
syn_w0,bfs,Async,async,4,53.0
syn_w0,bfs,Async,async,5,48.0
syn_w0,bfs,Sync,sync,5,37.0
syn_w0,bfs,Sync,sync,6,36.0
syn_w0,bfs,Async,async,6,53.0
syn_w0,bfs,Async,async,7,50.0
syn_w0,bfs,Sync,sync,7,46.0
syn_w0,sssp,deltaStep,async,1,249.0
syn_w0,sssp,deltaStepBarrier,sync,1,220.0
syn_w0,sssp,deltaStepBarrier,sync,2,226.0
syn_w0,sssp,deltaStep,async,2,214.0
syn_w0,sssp,deltaStep,async,3,262.0
syn_w0,sssp,deltaStepBarrier,sync,3,207.0
syn_w0,sssp,deltaStepBarrier,sync,4,229.0
syn_w0,sssp,deltaStep,async,4,251.0
syn_w0,sssp,deltaStep,async,5,212.0
syn_w0,sssp,deltaStepBarrier,sync,5,215.0
syn_w0,sssp,deltaStepBarrier,sync,6,231.0
syn_w0,sssp,deltaStep,async,6,211.0
syn_w0,sssp,deltaStep,async,7,213.0
syn_w0,sssp,deltaStepBarrier,sync,7,229.0
