platform,mode,N,F,window,s,m,rep,time_s,sm_clock_mhz,spread,kappa
cpu,DS,1,32,0,0.0001,1,0,1.7892999949253863e-05,-1,1.0,6.0
cpu,SS,1,32,0,0.0001,1,0,2.703400014070212e-05,-1,1.0,6.0
cpu,SS,1,32,0,0.0001,1,1,2.6159999833907932e-05,-1,1.0,6.0
cpu,DS,1,32,0,0.0001,1,1,1.8574000023363624e-05,-1,1.0,6.0
cpu,DS,1,32,0,0.0001,1,2,1.7892999949253863e-05,-1,1.0,6.0
cpu,SS,1,32,0,0.0001,1,2,2.586799973869347e-05,-1,1.0,6.0
cpu,SS,1,32,0,0.0001,1,3,2.5089999780902872e-05,-1,1.0,6.0
cpu,DS,1,32,0,0.0001,1,3,1.8088000160787487e-05,-1,1.0,6.0
cpu,DS,1,32,0,0.0001,1,4,1.7698999727144837e-05,-1,1.0,6.0
cpu,SS,1,32,0,0.0001,1,4,2.5284000003011897e-05,-1,1.0,6.0
cpu,SS,1,32,0,0.0001,1,5,2.4603999918326735e-05,-1,1.0,6.0
cpu,DS,1,32,0,0.0001,1,5,3.0437999612331623e-05,-1,1.0,6.0
cpu,DS,1,32,0,0.0001,1,6,1.731000020299689e-05,-1,1.0,6.0
cpu,SS,1,32,0,0.0001,1,6,6.262700026127277e-05,-1,1.0,6.0
cpu,SS,1,32,0,0.0001,1,7,2.985499986607465e-05,-1,1.0,6.0
cpu,DS,1,32,0,0.0001,1,7,1.9351999981154222e-05,-1,1.0,6.0
cpu,DS,1,32,0,0.0001,1,8,2.985499986607465e-05,-1,1.0,6.0
cpu,SS,1,32,0,0.0001,1,8,4.278799997337046e-05,-1,1.0,6.0
cpu,SS,1,32,0,0.0001,1,9,4.3664000259013847e-05,-1,1.0,6.0
cpu,DS,1,32,0,0.0001,1,9,1.906099987536436e-05,-1,1.0,6.0
cpu,DS,1,32,0,0.0001,1,10,1.7115999980887864e-05,-1,1.0,6.0
cpu,SS,1,32,0,0.0001,1,10,2.5089000246225623e-05,-1,1.0,6.0
cpu,SS,1,32,0,0.0001,1,11,2.45060000452213e-05,-1,1.0,6.0
cpu,DS,1,32,0,0.0001,1,11,1.7017999653035076e-05,-1,1.0,6.0
cpu,DS,1,32,0,0.0001,1,12,1.692099976935424e-05,-1,1.0,6.0
cpu,SS,1,32,0,0.0001,1,12,4.346900004748022e-05,-1,1.0,6.0
cpu,SS,1,32,0,0.0001,1,13,7.789500023136497e-05,-1,1.0,6.0
cpu,DS,1,32,0,0.0001,1,13,3.588399977161316e-05,-1,1.0,6.0
cpu,DS,1,32,0,0.0001,1,14,2.3631000203749863e-05,-1,1.0,6.0
cpu,SS,1,32,0,0.0001,1,14,3.423099997235113e-05,-1,1.0,6.0
gpu,DS,1,32,0,0.0001,1,0,0.0003256320059299469,375,1.0,6.0
gpu,SS,1,32,0,0.0001,1,0,0.00016752000153064727,375,1.0,6.0
gpu,SS,1,32,0,0.0001,1,1,0.00016998399794101716,375,1.0,6.0
gpu,DS,1,32,0,0.0001,1,1,0.0011155840158462525,375,1.0,6.0
gpu,DS,1,32,0,0.0001,1,2,0.00033996799588203433,375,1.0,6.0
gpu,SS,1,32,0,0.0001,1,2,0.00016124799847602844,375,1.0,6.0
gpu,SS,1,32,0,0.0001,1,3,0.00014339199662208557,375,1.0,6.0
gpu,DS,1,32,0,0.0001,1,3,0.0003206399977207184,375,1.0,6.0
gpu,DS,1,32,0,0.0001,1,4,0.00027833598852157595,375,1.0,6.0
gpu,SS,1,32,0,0.0001,1,4,0.0001607999950647354,375,1.0,6.0
gpu,SS,1,32,0,0.0001,1,5,0.0001685120016336441,375,1.0,6.0
gpu,DS,1,32,0,0.0001,1,5,0.00034479999542236326,375,1.0,6.0
gpu,DS,1,32,0,0.0001,1,6,0.0005169600248336792,375,1.0,6.0
gpu,SS,1,32,0,0.0001,1,6,0.0001754239946603775,375,1.0,6.0
gpu,SS,1,32,0,0.0001,1,7,0.00016006399691104889,375,1.0,6.0
gpu,DS,1,32,0,0.0001,1,7,0.0004347519874572754,375,1.0,6.0
gpu,DS,1,32,0,0.0001,1,8,0.00041334399580955503,375,1.0,6.0
gpu,SS,1,32,0,0.0001,1,8,0.00019276799261569978,375,1.0,6.0
gpu,SS,1,32,0,0.0001,1,9,0.00016016000509262086,375,1.0,6.0
gpu,DS,1,32,0,0.0001,1,9,0.00040748798847198487,375,1.0,6.0
gpu,DS,1,32,0,0.0001,1,10,0.0002969599962234497,375,1.0,6.0
gpu,SS,1,32,0,0.0001,1,10,0.00017417599260807038,375,1.0,6.0
gpu,SS,1,32,0,0.0001,1,11,0.00014339199662208557,375,1.0,6.0
gpu,DS,1,32,0,0.0001,1,11,0.00046079999208450316,375,1.0,6.0
gpu,DS,1,32,0,0.0001,1,12,6.707199662923813e-05,375,1.0,6.0
gpu,SS,1,32,0,0.0001,1,12,0.0001268479973077774,375,1.0,6.0
gpu,SS,1,32,0,0.0001,1,13,0.00010288000106811523,375,1.0,6.0
gpu,DS,1,32,0,0.0001,1,13,0.00042131200432777405,375,1.0,6.0
gpu,DS,1,32,0,0.0001,1,14,0.0002945599853992462,375,1.0,6.0
gpu,SS,1,32,0,0.0001,1,14,0.00012703999876976014,375,1.0,6.0
cpu,DS,1,32,0,0.0003,1,0,1.692099976935424e-05,-1,1.0,6.0
cpu,SS,1,32,0,0.0003,1,0,2.4701000256754924e-05,-1,1.0,6.0
cpu,SS,1,32,0,0.0003,1,1,2.3825999960536137e-05,-1,1.0,6.0
cpu,DS,1,32,0,0.0003,1,1,2.5770000320335384e-05,-1,1.0,6.0
cpu,DS,1,32,0,0.0003,1,2,1.6143000266310992e-05,-1,1.0,6.0
cpu,SS,1,32,0,0.0003,1,2,3.2187999750021845e-05,-1,1.0,6.0
cpu,SS,1,32,0,0.0003,1,3,2.333899965378805e-05,-1,1.0,6.0
cpu,DS,1,32,0,0.0003,1,3,1.7018000107782427e-05,-1,1.0,6.0
cpu,DS,1,32,0,0.0003,1,4,1.624000014999183e-05,-1,1.0,6.0
cpu,SS,1,32,0,0.0003,1,4,2.3533999865321675e-05,-1,1.0,6.0
cpu,SS,1,32,0,0.0003,1,5,2.3436999981640838e-05,-1,1.0,6.0
cpu,DS,1,32,0,0.0003,1,5,1.7115999980887864e-05,-1,1.0,6.0
cpu,DS,1,32,0,0.0003,1,6,1.6629000128887128e-05,-1,1.0,6.0
cpu,SS,1,32,0,0.0003,1,6,4.8039999910542974e-05,-1,1.0,6.0
cpu,SS,1,32,0,0.0003,1,7,2.4505999590473948e-05,-1,1.0,6.0
cpu,DS,1,32,0,0.0003,1,7,1.7408000076102326e-05,-1,1.0,6.0
cpu,DS,1,32,0,0.0003,1,8,1.6337000033672666e-05,-1,1.0,6.0
cpu,SS,1,32,0,0.0003,1,8,4.463599998416612e-05,-1,1.0,6.0
cpu,SS,1,32,0,0.0003,1,9,2.4603000383649487e-05,-1,1.0,6.0
cpu,DS,1,32,0,0.0003,1,9,1.7114999991463264e-05,-1,1.0,6.0
cpu,DS,1,32,0,0.0003,1,10,1.614299981156364e-05,-1,1.0,6.0
cpu,SS,1,32,0,0.0003,1,10,2.33390001085354e-05,-1,1.0,6.0
cpu,SS,1,32,0,0.0003,1,11,2.343599999221624e-05,-1,1.0,6.0
cpu,DS,1,32,0,0.0003,1,11,1.6727000001992565e-05,-1,1.0,6.0
cpu,DS,1,32,0,0.0003,1,12,1.6435000361525454e-05,-1,1.0,6.0
cpu,SS,1,32,0,0.0003,1,12,2.3533999865321675e-05,-1,1.0,6.0
cpu,SS,1,32,0,0.0003,1,13,2.33390001085354e-05,-1,1.0,6.0
cpu,DS,1,32,0,0.0003,1,13,1.6727000001992565e-05,-1,1.0,6.0
cpu,DS,1,32,0,0.0003,1,14,1.6434999906778103e-05,-1,1.0,6.0
cpu,SS,1,32,0,0.0003,1,14,2.304700001332094e-05,-1,1.0,6.0
gpu,DS,1,32,0,0.0003,1,0,0.00034089601039886475,375,1.0,6.0
gpu,SS,1,32,0,0.0003,1,0,0.00016368000209331514,375,1.0,6.0
gpu,SS,1,32,0,0.0003,1,1,0.00016463999450206756,375,1.0,6.0
gpu,DS,1,32,0,0.0003,1,1,0.000319487988948822,375,1.0,6.0
gpu,DS,1,32,0,0.0003,1,2,0.00029497599601745607,375,1.0,6.0
gpu,SS,1,32,0,0.0003,1,2,0.00011980800330638886,375,1.0,6.0
gpu,SS,1,32,0,0.0003,1,3,0.00018387199938297273,375,1.0,6.0
gpu,DS,1,32,0,0.0003,1,3,0.0003093760013580322,375,1.0,6.0
gpu,DS,1,32,0,0.0003,1,4,0.00030511999130249025,375,1.0,6.0
gpu,SS,1,32,0,0.0003,1,4,0.00015360000729560853,375,1.0,6.0
gpu,SS,1,32,0,0.0003,1,5,0.00017404800653457643,375,1.0,6.0
gpu,DS,1,32,0,0.0003,1,5,4.7263998538255694e-05,375,1.0,6.0
gpu,DS,1,32,0,0.0003,1,6,0.000432096004486084,375,1.0,6.0
gpu,SS,1,32,0,0.0003,1,6,0.00015254400670528412,375,1.0,6.0
gpu,SS,1,32,0,0.0003,1,7,0.00015056000649929047,375,1.0,6.0
gpu,DS,1,32,0,0.0003,1,7,0.0003031040132045746,375,1.0,6.0
gpu,DS,1,32,0,0.0003,1,8,0.0003088639974594116,375,1.0,6.0
gpu,SS,1,32,0,0.0003,1,8,0.00016019199788570404,375,1.0,6.0
gpu,SS,1,32,0,0.0003,1,9,0.00015996800363063813,375,1.0,6.0
gpu,DS,1,32,0,0.0003,1,9,0.0003675200045108795,375,1.0,6.0
gpu,DS,1,32,0,0.0003,1,10,0.00034486401081085206,375,1.0,6.0
gpu,SS,1,32,0,0.0003,1,10,0.00016729600727558136,375,1.0,6.0
gpu,SS,1,32,0,0.0003,1,11,0.00016793599724769593,375,1.0,6.0
gpu,DS,1,32,0,0.0003,1,11,0.0003282560110092163,375,1.0,6.0
gpu,DS,1,32,0,0.0003,1,12,4.8928000032901765e-05,375,1.0,6.0
gpu,SS,1,32,0,0.0003,1,12,0.00016579200327396392,375,1.0,6.0
gpu,SS,1,32,0,0.0003,1,13,0.00015158399939537047,375,1.0,6.0
gpu,DS,1,32,0,0.0003,1,13,0.00030931198596954347,375,1.0,6.0
gpu,DS,1,32,0,0.0003,1,14,0.00044047999382019044,375,1.0,6.0
gpu,SS,1,32,0,0.0003,1,14,0.0001515199989080429,375,1.0,6.0
cpu,DS,1,32,0,0.001,1,0,2.5284000003011897e-05,-1,1.0,6.0
cpu,SS,1,32,0,0.001,1,0,3.8315999972837744e-05,-1,1.0,6.0
cpu,SS,1,32,0,0.001,1,1,3.734299980351352e-05,-1,1.0,6.0
cpu,DS,1,32,0,0.001,1,1,2.6159000299230684e-05,-1,1.0,6.0
cpu,DS,1,32,0,0.001,1,2,2.4409000161540462e-05,-1,1.0,6.0
cpu,SS,1,32,0,0.001,1,2,3.714900003615185e-05,-1,1.0,6.0
cpu,SS,1,32,0,0.001,1,3,3.6467999962042086e-05,-1,1.0,6.0
cpu,DS,1,32,0,0.001,1,3,2.5380999886692734e-05,-1,1.0,6.0
cpu,DS,1,32,0,0.001,1,4,2.518700011933106e-05,-1,1.0,6.0
cpu,SS,1,32,0,0.001,1,4,3.666200018415111e-05,-1,1.0,6.0
cpu,SS,1,32,0,0.001,1,5,3.627299975050846e-05,-1,1.0,6.0
cpu,DS,1,32,0,0.001,1,5,2.547899975979817e-05,-1,1.0,6.0
cpu,DS,1,32,0,0.001,1,6,2.4215000394178787e-05,-1,1.0,6.0
cpu,SS,1,32,0,0.001,1,6,3.6856999940937385e-05,-1,1.0,6.0
cpu,SS,1,32,0,0.001,1,7,3.714900003615185e-05,-1,1.0,6.0
cpu,DS,1,32,0,0.001,1,7,3.7635000353475334e-05,-1,1.0,6.0
cpu,DS,1,32,0,0.001,1,8,2.4991999907797435e-05,-1,1.0,6.0
cpu,SS,1,32,0,0.001,1,8,9.180200004266226e-05,-1,1.0,6.0
cpu,SS,1,32,0,0.001,1,9,4.269199962436687e-05,-1,1.0,6.0
cpu,DS,1,32,0,0.001,1,9,2.771599974948913e-05,-1,1.0,6.0
cpu,DS,1,32,0,0.001,1,10,2.4895000024116598e-05,-1,1.0,6.0
cpu,SS,1,32,0,0.001,1,10,3.7926000004517846e-05,-1,1.0,6.0
cpu,SS,1,32,0,0.001,1,11,3.695400027936557e-05,-1,1.0,6.0
cpu,DS,1,32,0,0.001,1,11,2.5479000214545522e-05,-1,1.0,6.0
cpu,DS,1,32,0,0.001,1,12,2.4991999907797435e-05,-1,1.0,6.0
cpu,SS,1,32,0,0.001,1,12,3.714900003615185e-05,-1,1.0,6.0
cpu,SS,1,32,0,0.001,1,13,3.627400019468041e-05,-1,1.0,6.0
cpu,DS,1,32,0,0.001,1,13,2.5284000003011897e-05,-1,1.0,6.0
cpu,DS,1,32,0,0.001,1,14,2.4992000362544786e-05,-1,1.0,6.0
cpu,SS,1,32,0,0.001,1,14,3.656499984572292e-05,-1,1.0,6.0
gpu,DS,1,32,0,0.001,1,0,0.0002624320089817047,375,1.0,6.0
gpu,SS,1,32,0,0.001,1,0,0.0001720000058412552,375,1.0,6.0
gpu,SS,1,32,0,0.001,1,1,0.0001315840035676956,375,1.0,6.0
gpu,DS,1,32,0,0.001,1,1,0.0002744320034980774,375,1.0,6.0
gpu,DS,1,32,0,0.001,1,2,0.000273279994726181,375,1.0,6.0
gpu,SS,1,32,0,0.001,1,2,0.0001913599967956543,375,1.0,6.0
gpu,SS,1,32,0,0.001,1,3,0.0001491200029850006,375,1.0,6.0
gpu,DS,1,32,0,0.001,1,3,0.00025913599133491516,375,1.0,6.0
gpu,DS,1,32,0,0.001,1,4,0.0002883520126342773,375,1.0,6.0
gpu,SS,1,32,0,0.001,1,4,0.00016915200650691986,375,1.0,6.0
gpu,SS,1,32,0,0.001,1,5,0.00015273599326610566,375,1.0,6.0
gpu,DS,1,32,0,0.001,1,5,0.0003359679877758026,375,1.0,6.0
gpu,DS,1,32,0,0.001,1,6,0.0003298879861831665,375,1.0,6.0
gpu,SS,1,32,0,0.001,1,6,0.00016179199516773223,375,1.0,6.0
gpu,SS,1,32,0,0.001,1,7,0.00019407999515533446,375,1.0,6.0
gpu,DS,1,32,0,0.001,1,7,0.0003028799891471863,375,1.0,6.0
gpu,DS,1,32,0,0.001,1,8,0.00033849599957466123,375,1.0,6.0
gpu,SS,1,32,0,0.001,1,8,0.00017215999960899352,375,1.0,6.0
gpu,SS,1,32,0,0.001,1,9,0.00016592000424861907,375,1.0,6.0
gpu,DS,1,32,0,0.001,1,9,0.0002670080065727234,375,1.0,6.0
gpu,DS,1,32,0,0.001,1,10,0.00028227201104164126,375,1.0,6.0
gpu,SS,1,32,0,0.001,1,10,0.00016089600324630738,375,1.0,6.0
gpu,SS,1,32,0,0.001,1,11,0.00015033599734306336,375,1.0,6.0
gpu,DS,1,32,0,0.001,1,11,0.0002762880027294159,375,1.0,6.0
gpu,DS,1,32,0,0.001,1,12,0.00027084800601005554,375,1.0,6.0
gpu,SS,1,32,0,0.001,1,12,0.00015084800124168395,375,1.0,6.0
gpu,SS,1,32,0,0.001,1,13,0.00014825600385665893,375,1.0,6.0
gpu,DS,1,32,0,0.001,1,13,0.00032380801439285277,375,1.0,6.0
gpu,DS,1,32,0,0.001,1,14,0.00027299201488494875,375,1.0,6.0
gpu,SS,1,32,0,0.001,1,14,0.00013718399405479432,375,1.0,6.0
cpu,DS,1,32,0,0.003,1,0,1.6433999917353503e-05,-1,1.0,6.0
cpu,SS,1,32,0,0.003,1,0,2.37290000768553e-05,-1,1.0,6.0
cpu,SS,1,32,0,0.003,1,1,2.265800003442564e-05,-1,1.0,6.0
cpu,DS,1,32,0,0.003,1,1,1.653200024520629e-05,-1,1.0,6.0
cpu,DS,1,32,0,0.003,1,2,1.6045999927882804e-05,-1,1.0,6.0
cpu,SS,1,32,0,0.003,1,2,0.00010240100027658627,-1,1.0,6.0
cpu,SS,1,32,0,0.003,1,3,2.771500021481188e-05,-1,1.0,6.0
cpu,DS,1,32,0,0.003,1,3,1.8865999663830735e-05,-1,1.0,6.0
cpu,DS,1,32,0,0.003,1,4,1.653200024520629e-05,-1,1.0,6.0
cpu,SS,1,32,0,0.003,1,4,4.142699981457554e-05,-1,1.0,6.0
cpu,SS,1,32,0,0.003,1,5,2.2951000119064702e-05,-1,1.0,6.0
cpu,DS,1,32,0,0.003,1,5,1.7114999991463264e-05,-1,1.0,6.0
cpu,DS,1,32,0,0.003,1,6,1.6727000001992565e-05,-1,1.0,6.0
cpu,SS,1,32,0,0.003,1,6,2.3145000341173727e-05,-1,1.0,6.0
cpu,SS,1,32,0,0.003,1,7,2.2755999907531077e-05,-1,1.0,6.0
cpu,DS,1,32,0,0.003,1,7,1.6629000128887128e-05,-1,1.0,6.0
cpu,DS,1,32,0,0.003,1,8,1.614299981156364e-05,-1,1.0,6.0
cpu,SS,1,32,0,0.003,1,8,2.2853000245959265e-05,-1,1.0,6.0
cpu,SS,1,32,0,0.003,1,9,2.265800003442564e-05,-1,1.0,6.0
cpu,DS,1,32,0,0.003,1,9,1.653200024520629e-05,-1,1.0,6.0
cpu,DS,1,32,0,0.003,1,10,1.585099971634918e-05,-1,1.0,6.0
cpu,SS,1,32,0,0.003,1,10,2.343599999221624e-05,-1,1.0,6.0
cpu,SS,1,32,0,0.003,1,11,2.2754999918106478e-05,-1,1.0,6.0
cpu,DS,1,32,0,0.003,1,11,1.6629000128887128e-05,-1,1.0,6.0
cpu,DS,1,32,0,0.003,1,12,1.6045999927882804e-05,-1,1.0,6.0
cpu,SS,1,32,0,0.003,1,12,2.3242000224854564e-05,-1,1.0,6.0
cpu,SS,1,32,0,0.003,1,13,2.33390001085354e-05,-1,1.0,6.0
cpu,DS,1,32,0,0.003,1,13,1.624000014999183e-05,-1,1.0,6.0
cpu,DS,1,32,0,0.003,1,14,1.6434999906778103e-05,-1,1.0,6.0
cpu,SS,1,32,0,0.003,1,14,2.3241999770107213e-05,-1,1.0,6.0
gpu,DS,1,32,0,0.003,1,0,0.0004290879964828491,375,1.0,6.0
gpu,SS,1,32,0,0.003,1,0,0.00017084799706935884,375,1.0,6.0
gpu,SS,1,32,0,0.003,1,1,0.00015727999806404113,375,1.0,6.0
gpu,DS,1,32,0,0.003,1,1,0.00029903998970985413,375,1.0,6.0
gpu,DS,1,32,0,0.003,1,2,0.0003051519989967346,375,1.0,6.0
gpu,SS,1,32,0,0.003,1,2,0.00015625600516796113,375,1.0,6.0
gpu,SS,1,32,0,0.003,1,3,0.0001515520066022873,375,1.0,6.0
gpu,DS,1,32,0,0.003,1,3,0.000296640008687973,375,1.0,6.0
gpu,DS,1,32,0,0.003,1,4,0.0003028480112552643,375,1.0,6.0
gpu,SS,1,32,0,0.003,1,4,0.0001462399959564209,375,1.0,6.0
gpu,SS,1,32,0,0.003,1,5,0.00014076800644397737,375,1.0,6.0
gpu,DS,1,32,0,0.003,1,5,0.0003240320086479187,375,1.0,6.0
gpu,DS,1,32,0,0.003,1,6,0.0003226880133152008,375,1.0,6.0
gpu,SS,1,32,0,0.003,1,6,0.00011430399864912033,375,1.0,6.0
gpu,SS,1,32,0,0.003,1,7,0.0001592320054769516,375,1.0,6.0
gpu,DS,1,32,0,0.003,1,7,0.0003071039915084839,375,1.0,6.0
gpu,DS,1,32,0,0.003,1,8,0.0003178560137748718,375,1.0,6.0
gpu,SS,1,32,0,0.003,1,8,0.0001599999964237213,375,1.0,6.0
gpu,SS,1,32,0,0.003,1,9,0.0001395840048789978,375,1.0,6.0
gpu,DS,1,32,0,0.003,1,9,0.00031542399525642394,375,1.0,6.0
gpu,DS,1,32,0,0.003,1,10,0.0003481599986553192,375,1.0,6.0
gpu,SS,1,32,0,0.003,1,10,0.0001656000018119812,375,1.0,6.0
gpu,SS,1,32,0,0.003,1,11,0.00020553599298000336,375,1.0,6.0
gpu,DS,1,32,0,0.003,1,11,0.0004403519928455353,375,1.0,6.0
gpu,DS,1,32,0,0.003,1,12,0.0003356480002403259,375,1.0,6.0
gpu,SS,1,32,0,0.003,1,12,0.0001658879965543747,375,1.0,6.0
gpu,SS,1,32,0,0.003,1,13,0.00017193600535392762,375,1.0,6.0
gpu,DS,1,32,0,0.003,1,13,0.0004713599979877472,375,1.0,6.0
gpu,DS,1,32,0,0.003,1,14,0.0003174720108509064,375,1.0,6.0
gpu,SS,1,32,0,0.003,1,14,2.486399933695793e-05,375,1.0,6.0
cpu,DS,1,32,0,0.01,1,0,1.83799998012546e-05,-1,1.0,6.0
cpu,SS,1,32,0,0.01,1,0,2.5284000003011897e-05,-1,1.0,6.0
cpu,SS,1,32,0,0.01,1,1,2.4603999918326735e-05,-1,1.0,6.0
cpu,DS,1,32,0,0.01,1,1,1.7698999727144837e-05,-1,1.0,6.0
cpu,DS,1,32,0,0.01,1,2,1.692100022410159e-05,-1,1.0,6.0
cpu,SS,1,32,0,0.01,1,2,2.401999972789781e-05,-1,1.0,6.0
cpu,SS,1,32,0,0.01,1,3,3.4328000310779316e-05,-1,1.0,6.0
cpu,DS,1,32,0,0.01,1,3,1.72129998645687e-05,-1,1.0,6.0
cpu,DS,1,32,0,0.01,1,4,1.7114999991463264e-05,-1,1.0,6.0
cpu,SS,1,32,0,0.01,1,4,2.3824999971111538e-05,-1,1.0,6.0
cpu,SS,1,32,0,0.01,1,5,2.4020000182645163e-05,-1,1.0,6.0
cpu,DS,1,32,0,0.01,1,5,1.8087999706040137e-05,-1,1.0,6.0
cpu,DS,1,32,0,0.01,1,6,1.7407000086677726e-05,-1,1.0,6.0
cpu,SS,1,32,0,0.01,1,6,2.4020000182645163e-05,-1,1.0,6.0
cpu,SS,1,32,0,0.01,1,7,2.4020000182645163e-05,-1,1.0,6.0
cpu,DS,1,32,0,0.01,1,7,1.7601999843464e-05,-1,1.0,6.0
cpu,DS,1,32,0,0.01,1,8,1.6823999885673402e-05,-1,1.0,6.0
cpu,SS,1,32,0,0.01,1,8,2.3825999960536137e-05,-1,1.0,6.0
cpu,SS,1,32,0,0.01,1,9,2.4311999823112274e-05,-1,1.0,6.0
cpu,DS,1,32,0,0.01,1,9,2.4020000182645163e-05,-1,1.0,6.0
cpu,DS,1,32,0,0.01,1,10,2.586699974926887e-05,-1,1.0,6.0
cpu,SS,1,32,0,0.01,1,10,4.064999984620954e-05,-1,1.0,6.0
cpu,SS,1,32,0,0.01,1,11,3.0439000056503573e-05,-1,1.0,6.0
cpu,DS,1,32,0,0.01,1,11,1.8866000118578086e-05,-1,1.0,6.0
cpu,DS,1,32,0,0.01,1,12,1.7213000319316052e-05,-1,1.0,6.0
cpu,SS,1,32,0,0.01,1,12,2.4213999950006837e-05,-1,1.0,6.0
cpu,SS,1,32,0,0.01,1,13,2.4020000182645163e-05,-1,1.0,6.0
cpu,DS,1,32,0,0.01,1,13,3.530100002535619e-05,-1,1.0,6.0
cpu,DS,1,32,0,0.01,1,14,2.051900037258747e-05,-1,1.0,6.0
cpu,SS,1,32,0,0.01,1,14,2.9660000109288376e-05,-1,1.0,6.0
gpu,DS,1,32,0,0.01,1,0,0.000319487988948822,375,1.0,6.0
gpu,SS,1,32,0,0.01,1,0,0.00015772800147533417,375,1.0,6.0
gpu,SS,1,32,0,0.01,1,1,0.00015507200360298157,375,1.0,6.0
gpu,DS,1,32,0,0.01,1,1,0.00035203200578689576,375,1.0,6.0
gpu,DS,1,32,0,0.01,1,2,0.0003216640055179596,375,1.0,6.0
gpu,SS,1,32,0,0.01,1,2,0.00018432000279426574,375,1.0,6.0
gpu,SS,1,32,0,0.01,1,3,0.0001552640050649643,375,1.0,6.0
gpu,DS,1,32,0,0.01,1,3,0.0003010559976100922,375,1.0,6.0
gpu,DS,1,32,0,0.01,1,4,0.00029414400458335874,375,1.0,6.0
gpu,SS,1,32,0,0.01,1,4,0.0001430400013923645,375,1.0,6.0
gpu,SS,1,32,0,0.01,1,5,0.0001414079964160919,375,1.0,6.0
gpu,DS,1,32,0,0.01,1,5,0.00028563201427459715,375,1.0,6.0
gpu,DS,1,32,0,0.01,1,6,0.0003256320059299469,375,1.0,6.0
gpu,SS,1,32,0,0.01,1,6,0.00013327999413013459,375,1.0,6.0
gpu,SS,1,32,0,0.01,1,7,0.0001988160014152527,375,1.0,6.0
gpu,DS,1,32,0,0.01,1,7,0.0009603840112686157,375,1.0,6.0
gpu,DS,1,32,0,0.01,1,8,0.0002759999930858612,375,1.0,6.0
gpu,SS,1,32,0,0.01,1,8,3.440000116825104e-05,375,1.0,6.0
gpu,SS,1,32,0,0.01,1,9,0.00012656000256538392,375,1.0,6.0
gpu,DS,1,32,0,0.01,1,9,0.0004033600091934204,375,1.0,6.0
gpu,DS,1,32,0,0.01,1,10,0.00026419198513031006,375,1.0,6.0
gpu,SS,1,32,0,0.01,1,10,0.00014127999544143676,375,1.0,6.0
gpu,SS,1,32,0,0.01,1,11,0.0001422719955444336,375,1.0,6.0
gpu,DS,1,32,0,0.01,1,11,0.0002839359939098358,375,1.0,6.0
gpu,DS,1,32,0,0.01,1,12,0.00027964800596237183,375,1.0,6.0
gpu,SS,1,32,0,0.01,1,12,0.00017231999337673188,375,1.0,6.0
gpu,SS,1,32,0,0.01,1,13,0.00012070400267839432,375,1.0,6.0
gpu,DS,1,32,0,0.01,1,13,0.0002767359912395477,375,1.0,6.0
gpu,DS,1,32,0,0.01,1,14,0.00027206400036811827,375,1.0,6.0
gpu,SS,1,32,0,0.01,1,14,0.00012307199835777282,375,1.0,6.0
cpu,DS,1,32,0,0.03,1,0,1.614299981156364e-05,-1,1.0,6.0
cpu,SS,1,32,0,0.03,1,0,2.3436999981640838e-05,-1,1.0,6.0
cpu,SS,1,32,0,0.03,1,1,2.294999967489275e-05,-1,1.0,6.0
cpu,DS,1,32,0,0.03,1,1,1.6824000340420753e-05,-1,1.0,6.0
cpu,DS,1,32,0,0.03,1,2,1.5560000065306667e-05,-1,1.0,6.0
cpu,SS,1,32,0,0.03,1,2,2.265800003442564e-05,-1,1.0,6.0
cpu,SS,1,32,0,0.03,1,3,2.265900002385024e-05,-1,1.0,6.0
cpu,DS,1,32,0,0.03,1,3,1.6045999927882804e-05,-1,1.0,6.0
cpu,DS,1,32,0,0.03,1,4,1.614299981156364e-05,-1,1.0,6.0
cpu,SS,1,32,0,0.03,1,4,2.3436999981640838e-05,-1,1.0,6.0
cpu,SS,1,32,0,0.03,1,5,2.2755999907531077e-05,-1,1.0,6.0
cpu,DS,1,32,0,0.03,1,5,1.6046000382630154e-05,-1,1.0,6.0
cpu,DS,1,32,0,0.03,1,6,1.6045999927882804e-05,-1,1.0,6.0
cpu,SS,1,32,0,0.03,1,6,2.2366999928635778e-05,-1,1.0,6.0
cpu,SS,1,32,0,0.03,1,7,2.2366999928635778e-05,-1,1.0,6.0
cpu,DS,1,32,0,0.03,1,7,1.5949000044201966e-05,-1,1.0,6.0
cpu,DS,1,32,0,0.03,1,8,1.5754000287415693e-05,-1,1.0,6.0
cpu,SS,1,32,0,0.03,1,8,2.2366999928635778e-05,-1,1.0,6.0
cpu,SS,1,32,0,0.03,1,9,2.2950000129640102e-05,-1,1.0,6.0
cpu,DS,1,32,0,0.03,1,9,1.6045999927882804e-05,-1,1.0,6.0
cpu,DS,1,32,0,0.03,1,10,1.5559000075882068e-05,-1,1.0,6.0
cpu,SS,1,32,0,0.03,1,10,2.2755999907531077e-05,-1,1.0,6.0
cpu,SS,1,32,0,0.03,1,11,2.2560999695997452e-05,-1,1.0,6.0
cpu,DS,1,32,0,0.03,1,11,1.6046000382630154e-05,-1,1.0,6.0
cpu,DS,1,32,0,0.03,1,12,1.546300018162583e-05,-1,1.0,6.0
cpu,SS,1,32,0,0.03,1,12,2.2852999791211914e-05,-1,1.0,6.0
cpu,SS,1,32,0,0.03,1,13,2.2562000140169403e-05,-1,1.0,6.0
cpu,DS,1,32,0,0.03,1,13,1.6044999938458204e-05,-1,1.0,6.0
cpu,DS,1,32,0,0.03,1,14,1.5365000308520393e-05,-1,1.0,6.0
cpu,SS,1,32,0,0.03,1,14,2.2562000140169403e-05,-1,1.0,6.0
gpu,DS,1,32,0,0.03,1,0,0.00030272001028060913,375,1.0,6.0
gpu,SS,1,32,0,0.03,1,0,0.00016099199652671814,375,1.0,6.0
gpu,SS,1,32,0,0.03,1,1,0.00015238399803638457,375,1.0,6.0
gpu,DS,1,32,0,0.03,1,1,0.00034988799691200255,375,1.0,6.0
gpu,DS,1,32,0,0.03,1,2,0.0003812159895896912,375,1.0,6.0
gpu,SS,1,32,0,0.03,1,2,0.00015545600652694703,375,1.0,6.0
gpu,SS,1,32,0,0.03,1,3,0.00015494400262832642,375,1.0,6.0
gpu,DS,1,32,0,0.03,1,3,0.0003850559890270233,375,1.0,6.0
gpu,DS,1,32,0,0.03,1,4,0.0003065280020236969,375,1.0,6.0
gpu,SS,1,32,0,0.03,1,4,0.0001884160041809082,375,1.0,6.0
gpu,SS,1,32,0,0.03,1,5,0.00016793599724769593,375,1.0,6.0
gpu,DS,1,32,0,0.03,1,5,0.0011946879625320435,375,1.0,6.0
gpu,DS,1,32,0,0.03,1,6,0.00032767999172210693,375,1.0,6.0
gpu,SS,1,32,0,0.03,1,6,0.00013718399405479432,375,1.0,6.0
gpu,SS,1,32,0,0.03,1,7,0.00023712000250816344,375,1.0,6.0
gpu,DS,1,32,0,0.03,1,7,0.0003624640107154846,375,1.0,6.0
gpu,DS,1,32,0,0.03,1,8,0.0014558080434799194,375,1.0,6.0
gpu,SS,1,32,0,0.03,1,8,0.00016368000209331514,375,1.0,6.0
gpu,SS,1,32,0,0.03,1,9,0.0001494719982147217,375,1.0,6.0
gpu,DS,1,32,0,0.03,1,9,0.0002377920001745224,375,1.0,6.0
gpu,DS,1,32,0,0.03,1,10,0.00029903998970985413,375,1.0,6.0
gpu,SS,1,32,0,0.03,1,10,0.0001380160003900528,375,1.0,6.0
gpu,SS,1,32,0,0.03,1,11,0.00019523200392723085,375,1.0,6.0
gpu,DS,1,32,0,0.03,1,11,0.00029948800802230834,375,1.0,6.0
gpu,DS,1,32,0,0.03,1,12,0.0003768320083618164,375,1.0,6.0
gpu,SS,1,32,0,0.03,1,12,0.0001602240055799484,375,1.0,6.0
gpu,SS,1,32,0,0.03,1,13,0.00014268800616264342,375,1.0,6.0
gpu,DS,1,32,0,0.03,1,13,0.00030694401264190675,375,1.0,6.0
gpu,DS,1,32,0,0.03,1,14,0.00031084799766540526,375,1.0,6.0
gpu,SS,1,32,0,0.03,1,14,0.00015676799416542054,375,1.0,6.0
cpu,DS,1,32,0,0.1,1,0,1.6630000118311727e-05,-1,1.0,6.0
cpu,SS,1,32,0,0.1,1,0,2.4603999918326735e-05,-1,1.0,6.0
cpu,SS,1,32,0,0.1,1,1,2.3922999844216974e-05,-1,1.0,6.0
cpu,DS,1,32,0,0.1,1,1,1.7406999631930375e-05,-1,1.0,6.0
cpu,DS,1,32,0,0.1,1,2,2.7423999654274667e-05,-1,1.0,6.0
cpu,SS,1,32,0,0.1,1,2,2.3824999971111538e-05,-1,1.0,6.0
cpu,SS,1,32,0,0.1,1,3,2.4020000182645163e-05,-1,1.0,6.0
cpu,DS,1,32,0,0.1,1,3,1.692100022410159e-05,-1,1.0,6.0
cpu,DS,1,32,0,0.1,1,4,1.6337000033672666e-05,-1,1.0,6.0
cpu,SS,1,32,0,0.1,1,4,2.3824999971111538e-05,-1,1.0,6.0
cpu,SS,1,32,0,0.1,1,5,2.37280000874307e-05,-1,1.0,6.0
cpu,DS,1,32,0,0.1,1,5,1.6726000012567965e-05,-1,1.0,6.0
cpu,DS,1,32,0,0.1,1,6,1.653200024520629e-05,-1,1.0,6.0
cpu,SS,1,32,0,0.1,1,6,2.3921999854792375e-05,-1,1.0,6.0
cpu,SS,1,32,0,0.1,1,7,2.3534000320069026e-05,-1,1.0,6.0
cpu,DS,1,32,0,0.1,1,7,1.72119998751441e-05,-1,1.0,6.0
cpu,DS,1,32,0,0.1,1,8,1.653200024520629e-05,-1,1.0,6.0
cpu,SS,1,32,0,0.1,1,8,2.37290000768553e-05,-1,1.0,6.0
cpu,SS,1,32,0,0.1,1,9,2.3631000203749863e-05,-1,1.0,6.0
cpu,DS,1,32,0,0.1,1,9,1.7213000319316052e-05,-1,1.0,6.0
cpu,DS,1,32,0,0.1,1,10,1.653199979045894e-05,-1,1.0,6.0
cpu,SS,1,32,0,0.1,1,10,2.3533999865321675e-05,-1,1.0,6.0
cpu,SS,1,32,0,0.1,1,11,2.3533999865321675e-05,-1,1.0,6.0
cpu,DS,1,32,0,0.1,1,11,1.6823999885673402e-05,-1,1.0,6.0
cpu,DS,1,32,0,0.1,1,12,1.6727000001992565e-05,-1,1.0,6.0
cpu,SS,1,32,0,0.1,1,12,2.3825999960536137e-05,-1,1.0,6.0
cpu,SS,1,32,0,0.1,1,13,2.3922999844216974e-05,-1,1.0,6.0
cpu,DS,1,32,0,0.1,1,13,1.653200024520629e-05,-1,1.0,6.0
cpu,DS,1,32,0,0.1,1,14,1.6823999885673402e-05,-1,1.0,6.0
cpu,SS,1,32,0,0.1,1,14,2.4117000066326e-05,-1,1.0,6.0
gpu,DS,1,32,0,0.1,1,0,0.0005158079862594605,375,1.0,6.0
gpu,SS,1,32,0,0.1,1,0,0.00014918400347232818,375,1.0,6.0
gpu,SS,1,32,0,0.1,1,1,0.00026230400800704955,375,1.0,6.0
gpu,DS,1,32,0,0.1,1,1,0.00032975998520851134,375,1.0,6.0
gpu,DS,1,32,0,0.1,1,2,0.0004156160056591034,375,1.0,6.0
gpu,SS,1,32,0,0.1,1,2,0.00015798400342464448,375,1.0,6.0
gpu,SS,1,32,0,0.1,1,3,0.00025542399287223816,375,1.0,6.0
gpu,DS,1,32,0,0.1,1,3,0.0003657599985599518,375,1.0,6.0
gpu,DS,1,32,0,0.1,1,4,0.00032153600454330446,375,1.0,6.0
gpu,SS,1,32,0,0.1,1,4,0.0002186879962682724,375,1.0,6.0
gpu,SS,1,32,0,0.1,1,5,0.0001494719982147217,375,1.0,6.0
gpu,DS,1,32,0,0.1,1,5,0.00033996799588203433,375,1.0,6.0
gpu,DS,1,32,0,0.1,1,6,0.00029232001304626464,375,1.0,6.0
gpu,SS,1,32,0,0.1,1,6,0.00016784000396728515,375,1.0,6.0
gpu,SS,1,32,0,0.1,1,7,3.2767999917268756e-05,375,1.0,6.0
gpu,DS,1,32,0,0.1,1,7,0.00045225599408149717,375,1.0,6.0
gpu,DS,1,32,0,0.1,1,8,0.00029078400135040285,375,1.0,6.0
gpu,SS,1,32,0,0.1,1,8,0.00016147199273109435,375,1.0,6.0
gpu,SS,1,32,0,0.1,1,9,0.00015625600516796113,375,1.0,6.0
gpu,DS,1,32,0,0.1,1,9,0.00028467199206352233,375,1.0,6.0
gpu,DS,1,32,0,0.1,1,10,0.00037273600697517394,375,1.0,6.0
gpu,SS,1,32,0,0.1,1,10,0.0001679680049419403,375,1.0,6.0
gpu,SS,1,32,0,0.1,1,11,0.00016182400286197663,375,1.0,6.0
gpu,DS,1,32,0,0.1,1,11,0.0003110400140285492,375,1.0,6.0
gpu,DS,1,32,0,0.1,1,12,0.00031132799386978147,375,1.0,6.0
gpu,SS,1,32,0,0.1,1,12,0.00018441599607467652,375,1.0,6.0
gpu,SS,1,32,0,0.1,1,13,0.00016179199516773223,375,1.0,6.0
gpu,DS,1,32,0,0.1,1,13,0.0003032959997653961,375,1.0,6.0
gpu,DS,1,32,0,0.1,1,14,0.00031132799386978147,375,1.0,6.0
gpu,SS,1,32,0,0.1,1,14,0.00015971200168132783,375,1.0,6.0
cpu,DS,1,32,0,0.2,1,0,1.6824000340420753e-05,-1,1.0,6.0
cpu,SS,1,32,0,0.2,1,0,2.5090000235650223e-05,-1,1.0,6.0
cpu,SS,1,32,0,0.2,1,1,2.4214999939431436e-05,-1,1.0,6.0
cpu,DS,1,32,0,0.2,1,1,1.7406999631930375e-05,-1,1.0,6.0
cpu,DS,1,32,0,0.2,1,2,1.6434000372100854e-05,-1,1.0,6.0
cpu,SS,1,32,0,0.2,1,2,2.411699961157865e-05,-1,1.0,6.0
cpu,SS,1,32,0,0.2,1,3,2.2754999918106478e-05,-1,1.0,6.0
cpu,DS,1,32,0,0.2,1,3,1.6726000012567965e-05,-1,1.0,6.0
cpu,DS,1,32,0,0.2,1,4,1.5559000075882068e-05,-1,1.0,6.0
cpu,SS,1,32,0,0.2,1,4,2.2853000245959265e-05,-1,1.0,6.0
cpu,SS,1,32,0,0.2,1,5,2.265900002385024e-05,-1,1.0,6.0
cpu,DS,1,32,0,0.2,1,5,1.5851999705773778e-05,-1,1.0,6.0
cpu,DS,1,32,0,0.2,1,6,1.5365000308520393e-05,-1,1.0,6.0
cpu,SS,1,32,0,0.2,1,6,2.2561000150744803e-05,-1,1.0,6.0
cpu,SS,1,32,0,0.2,1,7,2.265800003442564e-05,-1,1.0,6.0
cpu,DS,1,32,0,0.2,1,7,1.585099971634918e-05,-1,1.0,6.0
cpu,DS,1,32,0,0.2,1,8,1.5754000287415693e-05,-1,1.0,6.0
cpu,SS,1,32,0,0.2,1,8,2.265800003442564e-05,-1,1.0,6.0
cpu,SS,1,32,0,0.2,1,9,2.2754999918106478e-05,-1,1.0,6.0
cpu,DS,1,32,0,0.2,1,9,1.6337000033672666e-05,-1,1.0,6.0
cpu,DS,1,32,0,0.2,1,10,3.2188999739446444e-05,-1,1.0,6.0
cpu,SS,1,32,0,0.2,1,10,2.8298999950493453e-05,-1,1.0,6.0
cpu,SS,1,32,0,0.2,1,11,2.3534000320069026e-05,-1,1.0,6.0
cpu,DS,1,32,0,0.2,1,11,1.7018000107782427e-05,-1,1.0,6.0
cpu,DS,1,32,0,0.2,1,12,1.5753999832668342e-05,-1,1.0,6.0
cpu,SS,1,32,0,0.2,1,12,2.304700001332094e-05,-1,1.0,6.0
cpu,SS,1,32,0,0.2,1,13,2.2951000119064702e-05,-1,1.0,6.0
cpu,DS,1,32,0,0.2,1,13,1.5949000044201966e-05,-1,1.0,6.0
cpu,DS,1,32,0,0.2,1,14,1.5365000308520393e-05,-1,1.0,6.0
cpu,SS,1,32,0,0.2,1,14,2.265900002385024e-05,-1,1.0,6.0
gpu,DS,1,32,0,0.2,1,0,0.0002905600070953369,375,1.0,6.0
gpu,SS,1,32,0,0.2,1,0,0.0001392959952354431,375,1.0,6.0
gpu,SS,1,32,0,0.2,1,1,0.00015299199521541596,375,1.0,6.0
gpu,DS,1,32,0,0.2,1,1,0.00027801600098609924,375,1.0,6.0
gpu,DS,1,32,0,0.2,1,2,0.000287200003862381,375,1.0,6.0
gpu,SS,1,32,0,0.2,1,2,0.00016041600704193114,375,1.0,6.0
gpu,SS,1,32,0,0.2,1,3,0.0001884160041809082,375,1.0,6.0
gpu,DS,1,32,0,0.2,1,3,0.00042124798893928525,375,1.0,6.0
gpu,DS,1,32,0,0.2,1,4,0.00031520000100135803,375,1.0,6.0
gpu,SS,1,32,0,0.2,1,4,4.377600178122521e-05,375,1.0,6.0
gpu,SS,1,32,0,0.2,1,5,4.275200143456459e-05,375,1.0,6.0
gpu,DS,1,32,0,0.2,1,5,0.00034137600660324096,375,1.0,6.0
gpu,DS,1,32,0,0.2,1,6,0.0003256320059299469,375,1.0,6.0
gpu,SS,1,32,0,0.2,1,6,0.0001581439971923828,375,1.0,6.0
gpu,SS,1,32,0,0.2,1,7,0.00015833599865436554,375,1.0,6.0
gpu,DS,1,32,0,0.2,1,7,0.0002762880027294159,375,1.0,6.0
gpu,DS,1,32,0,0.2,1,8,0.00031331199407577513,375,1.0,6.0
gpu,SS,1,32,0,0.2,1,8,0.000133760005235672,375,1.0,6.0
gpu,SS,1,32,0,0.2,1,9,7.612799853086472e-05,375,1.0,6.0
gpu,DS,1,32,0,0.2,1,9,0.00032492798566818236,375,1.0,6.0
gpu,DS,1,32,0,0.2,1,10,0.0003304319977760315,375,1.0,6.0
gpu,SS,1,32,0,0.2,1,10,0.00015228800475597382,375,1.0,6.0
gpu,SS,1,32,0,0.2,1,11,0.00016387200355529784,375,1.0,6.0
gpu,DS,1,32,0,0.2,1,11,0.0003542400002479553,375,1.0,6.0
gpu,DS,1,32,0,0.2,1,12,0.0003150080144405365,375,1.0,6.0
gpu,SS,1,32,0,0.2,1,12,0.00016380800306797026,375,1.0,6.0
gpu,SS,1,32,0,0.2,1,13,0.00016383999586105347,375,1.0,6.0
gpu,DS,1,32,0,0.2,1,13,0.00035228800773620607,375,1.0,6.0
gpu,DS,1,32,0,0.2,1,14,0.00029491201043128966,375,1.0,6.0
gpu,SS,1,32,0,0.2,1,14,0.0001940159946680069,375,1.0,6.0
cpu,DS,1,32,0,0.3,1,0,1.7309999748249538e-05,-1,1.0,6.0
cpu,SS,1,32,0,0.3,1,0,2.5965000077121658e-05,-1,1.0,6.0
cpu,SS,1,32,0,0.3,1,1,2.479800014043576e-05,-1,1.0,6.0
cpu,DS,1,32,0,0.3,1,1,1.79899998329347e-05,-1,1.0,6.0
cpu,DS,1,32,0,0.3,1,2,1.760200029821135e-05,-1,1.0,6.0
cpu,SS,1,32,0,0.3,1,2,5.9903999954258325e-05,-1,1.0,6.0
cpu,SS,1,32,0,0.3,1,3,2.9951999749755487e-05,-1,1.0,6.0
cpu,DS,1,32,0,0.3,1,3,2.7909999971598154e-05,-1,1.0,6.0
cpu,DS,1,32,0,0.3,1,4,1.7892999949253863e-05,-1,1.0,6.0
cpu,SS,1,32,0,0.3,1,4,2.557600009822636e-05,-1,1.0,6.0
cpu,SS,1,32,0,0.3,1,5,2.5090000235650223e-05,-1,1.0,6.0
cpu,DS,1,32,0,0.3,1,5,1.799100027710665e-05,-1,1.0,6.0
cpu,DS,1,32,0,0.3,1,6,1.7309999748249538e-05,-1,1.0,6.0
cpu,SS,1,32,0,0.3,1,6,2.4700000267330324e-05,-1,1.0,6.0
cpu,SS,1,32,0,0.3,1,7,2.518699966458371e-05,-1,1.0,6.0
cpu,DS,1,32,0,0.3,1,7,1.7698999727144837e-05,-1,1.0,6.0
cpu,DS,1,32,0,0.3,1,8,1.692099976935424e-05,-1,1.0,6.0
cpu,SS,1,32,0,0.3,1,8,2.4604000373074086e-05,-1,1.0,6.0
cpu,SS,1,32,0,0.3,1,9,2.4895000024116598e-05,-1,1.0,6.0
cpu,DS,1,32,0,0.3,1,9,1.7601999843464e-05,-1,1.0,6.0
cpu,DS,1,32,0,0.3,1,10,1.7309999748249538e-05,-1,1.0,6.0
cpu,SS,1,32,0,0.3,1,10,2.4409000161540462e-05,-1,1.0,6.0
cpu,SS,1,32,0,0.3,1,11,2.4310999833687674e-05,-1,1.0,6.0
cpu,DS,1,32,0,0.3,1,11,1.7504999959783163e-05,-1,1.0,6.0
cpu,DS,1,32,0,0.3,1,12,1.7213000319316052e-05,-1,1.0,6.0
cpu,SS,1,32,0,0.3,1,12,2.5089000246225623e-05,-1,1.0,6.0
cpu,SS,1,32,0,0.3,1,13,2.4312000277859624e-05,-1,1.0,6.0
cpu,DS,1,32,0,0.3,1,13,1.7601999843464e-05,-1,1.0,6.0
cpu,DS,1,32,0,0.3,1,14,1.692100022410159e-05,-1,1.0,6.0
cpu,SS,1,32,0,0.3,1,14,2.3922999844216974e-05,-1,1.0,6.0
gpu,DS,1,32,0,0.3,1,0,0.0002961280047893524,375,1.0,6.0
gpu,SS,1,32,0,0.3,1,0,0.00019359999895095825,375,1.0,6.0
gpu,SS,1,32,0,0.3,1,1,0.00016332800686359405,375,1.0,6.0
gpu,DS,1,32,0,0.3,1,1,0.00034406399726867674,375,1.0,6.0
gpu,DS,1,32,0,0.3,1,2,0.00031945601105690005,375,1.0,6.0
gpu,SS,1,32,0,0.3,1,2,0.0001539520025253296,375,1.0,6.0
gpu,SS,1,32,0,0.3,1,3,0.00017702400684356688,375,1.0,6.0
gpu,DS,1,32,0,0.3,1,3,0.0003537600040435791,375,1.0,6.0
gpu,DS,1,32,0,0.3,1,4,0.00032975998520851134,375,1.0,6.0
gpu,SS,1,32,0,0.3,1,4,0.00016380800306797026,375,1.0,6.0
gpu,SS,1,32,0,0.3,1,5,0.00016502399742603302,375,1.0,6.0
gpu,DS,1,32,0,0.3,1,5,0.00035120001435279844,375,1.0,6.0
gpu,DS,1,32,0,0.3,1,6,0.00033423998951911927,375,1.0,6.0
gpu,SS,1,32,0,0.3,1,6,0.00014108799397945403,375,1.0,6.0
gpu,SS,1,32,0,0.3,1,7,0.0002027200013399124,375,1.0,6.0
gpu,DS,1,32,0,0.3,1,7,0.0004195840060710907,375,1.0,6.0
gpu,DS,1,32,0,0.3,1,8,0.00032604798674583434,375,1.0,6.0
gpu,SS,1,32,0,0.3,1,8,0.00015305599570274354,375,1.0,6.0
gpu,SS,1,32,0,0.3,1,9,0.0001679680049419403,375,1.0,6.0
gpu,DS,1,32,0,0.3,1,9,0.0004239040017127991,375,1.0,6.0
gpu,DS,1,32,0,0.3,1,10,0.00034406399726867674,375,1.0,6.0
gpu,SS,1,32,0,0.3,1,10,0.00021273599565029144,375,1.0,6.0
gpu,SS,1,32,0,0.3,1,11,0.0001706240028142929,375,1.0,6.0
gpu,DS,1,32,0,0.3,1,11,0.0004577279984951019,375,1.0,6.0
gpu,DS,1,32,0,0.3,1,12,0.00042060801386833193,375,1.0,6.0
gpu,SS,1,32,0,0.3,1,12,0.00018515199422836304,375,1.0,6.0
gpu,SS,1,32,0,0.3,1,13,0.0002163199931383133,375,1.0,6.0
gpu,DS,1,32,0,0.3,1,13,6.272000074386597e-05,375,1.0,6.0
gpu,DS,1,32,0,0.3,1,14,0.0002841599881649017,375,1.0,6.0
gpu,SS,1,32,0,0.3,1,14,0.00015964800119400025,375,1.0,6.0
cpu,DS,1,32,0,0.5,1,0,1.739999970595818e-05,-1,1.0,6.0
cpu,SS,1,32,0,0.5,1,0,2.5299999833805487e-05,-1,1.0,6.0
cpu,SS,1,32,0,0.5,1,1,4.0299999909620965e-05,-1,1.0,6.0
cpu,DS,1,32,0,0.5,1,1,1.7700000171316788e-05,-1,1.0,6.0
cpu,DS,1,32,0,0.5,1,2,1.7600000319362152e-05,-1,1.0,6.0
cpu,SS,1,32,0,0.5,1,2,2.4899999971239595e-05,-1,1.0,6.0
cpu,SS,1,32,0,0.5,1,3,2.4699999812582973e-05,-1,1.0,6.0
cpu,DS,1,32,0,0.5,1,3,1.7999999727180693e-05,-1,1.0,6.0
cpu,DS,1,32,0,0.5,1,4,6.840000014562975e-05,-1,1.0,6.0
cpu,SS,1,32,0,0.5,1,4,4.4100000195612665e-05,-1,1.0,6.0
cpu,SS,1,32,0,0.5,1,5,2.5899999855028e-05,-1,1.0,6.0
cpu,DS,1,32,0,0.5,1,5,1.900000006571645e-05,-1,1.0,6.0
cpu,DS,1,32,0,0.5,1,6,1.7500000012660166e-05,-1,1.0,6.0
cpu,SS,1,32,0,0.5,1,6,2.4699999812582973e-05,-1,1.0,6.0
cpu,SS,1,32,0,0.5,1,7,2.4899999971239595e-05,-1,1.0,6.0
cpu,DS,1,32,0,0.5,1,7,1.7700000171316788e-05,-1,1.0,6.0
cpu,DS,1,32,0,0.5,1,8,1.6899999991437653e-05,-1,1.0,6.0
cpu,SS,1,32,0,0.5,1,8,2.460000041537569e-05,-1,1.0,6.0
cpu,SS,1,32,0,0.5,1,9,2.3998999949981226e-05,-1,1.0,6.0
cpu,DS,1,32,0,0.5,1,9,1.740000016070553e-05,-1,1.0,6.0
cpu,DS,1,32,0,0.5,1,10,1.720000000204891e-05,-1,1.0,6.0
cpu,SS,1,32,0,0.5,1,10,2.4399999801971717e-05,-1,1.0,6.0
cpu,SS,1,32,0,0.5,1,11,2.4500000108673703e-05,-1,1.0,6.0
cpu,DS,1,32,0,0.5,1,11,1.7500000012660166e-05,-1,1.0,6.0
cpu,DS,1,32,0,0.5,1,12,1.720000000204891e-05,-1,1.0,6.0
cpu,SS,1,32,0,0.5,1,12,2.429999995001708e-05,-1,1.0,6.0
cpu,SS,1,32,0,0.5,1,13,2.4899999971239595e-05,-1,1.0,6.0
cpu,DS,1,32,0,0.5,1,13,1.7500000012660166e-05,-1,1.0,6.0
cpu,DS,1,32,0,0.5,1,14,1.720000000204891e-05,-1,1.0,6.0
cpu,SS,1,32,0,0.5,1,14,2.4399999801971717e-05,-1,1.0,6.0
gpu,DS,1,32,0,0.5,1,0,0.00041619199514389036,375,1.0,6.0
gpu,SS,1,32,0,0.5,1,0,0.00019456000626087187,375,1.0,6.0
gpu,SS,1,32,0,0.5,1,1,0.00016351999342441558,375,1.0,6.0
gpu,DS,1,32,0,0.5,1,1,0.0003858239948749542,375,1.0,6.0
gpu,DS,1,32,0,0.5,1,2,0.0003055039942264557,375,1.0,6.0
gpu,SS,1,32,0,0.5,1,2,0.00015744000673294069,375,1.0,6.0
gpu,SS,1,32,0,0.5,1,3,0.00013939200341701508,375,1.0,6.0
gpu,DS,1,32,0,0.5,1,3,0.0003229759931564331,375,1.0,6.0
gpu,DS,1,32,0,0.5,1,4,0.0003031040132045746,375,1.0,6.0
gpu,SS,1,32,0,0.5,1,4,0.00014243200421333314,375,1.0,6.0
gpu,SS,1,32,0,0.5,1,5,0.0001233600005507469,375,1.0,6.0
gpu,DS,1,32,0,0.5,1,5,0.0002898879945278168,375,1.0,6.0
gpu,DS,1,32,0,0.5,1,6,0.00028150400519371034,375,1.0,6.0
gpu,SS,1,32,0,0.5,1,6,0.00010038399696350098,375,1.0,6.0
gpu,SS,1,32,0,0.5,1,7,0.00012700800597667693,375,1.0,6.0
gpu,DS,1,32,0,0.5,1,7,0.0002906560003757477,375,1.0,6.0
gpu,DS,1,32,0,0.5,1,8,0.00018188799917697907,375,1.0,6.0
gpu,SS,1,32,0,0.5,1,8,0.0001393280029296875,375,1.0,6.0
gpu,SS,1,32,0,0.5,1,9,0.00014131200313568116,375,1.0,6.0
gpu,DS,1,32,0,0.5,1,9,0.0004567039906978607,375,1.0,6.0
gpu,DS,1,32,0,0.5,1,10,0.0003823679983615875,375,1.0,6.0
gpu,SS,1,32,0,0.5,1,10,0.0001478399932384491,375,1.0,6.0
gpu,SS,1,32,0,0.5,1,11,0.00015011200308799743,375,1.0,6.0
gpu,DS,1,32,0,0.5,1,11,0.0002906239926815033,375,1.0,6.0
gpu,DS,1,32,0,0.5,1,12,0.00028822401165962217,375,1.0,6.0
gpu,SS,1,32,0,0.5,1,12,0.0001372479945421219,375,1.0,6.0
gpu,SS,1,32,0,0.5,1,13,0.0001478399932384491,375,1.0,6.0
gpu,DS,1,32,0,0.5,1,13,0.00037414398789405824,375,1.0,6.0
gpu,DS,1,32,0,0.5,1,14,0.0004105919897556305,375,1.0,6.0
gpu,SS,1,32,0,0.5,1,14,0.0001536320000886917,375,1.0,6.0
cpu,DS,1,32,0,0.7,1,0,2.6499999876250513e-05,-1,1.0,6.0
cpu,SS,1,32,0,0.7,1,0,4.0100000205711694e-05,-1,1.0,6.0
cpu,SS,1,32,0,0.7,1,1,3.90000000152213e-05,-1,1.0,6.0
cpu,DS,1,32,0,0.7,1,1,4.86999997519888e-05,-1,1.0,6.0
cpu,DS,1,32,0,0.7,1,2,2.6899999738816405e-05,-1,1.0,6.0
cpu,SS,1,32,0,0.7,1,2,3.879899986714008e-05,-1,1.0,6.0
cpu,SS,1,32,0,0.7,1,3,3.779999997277628e-05,-1,1.0,6.0
cpu,DS,1,32,0,0.7,1,3,2.610000001368462e-05,-1,1.0,6.0
cpu,DS,1,32,0,0.7,1,4,2.5999999706982635e-05,-1,1.0,6.0
cpu,SS,1,32,0,0.7,1,4,3.879999985656468e-05,-1,1.0,6.0
cpu,SS,1,32,0,0.7,1,5,3.749999996216502e-05,-1,1.0,6.0
cpu,DS,1,32,0,0.7,1,5,4.279999984646565e-05,-1,1.0,6.0
cpu,DS,1,32,0,0.7,1,6,2.5300000288552837e-05,-1,1.0,6.0
cpu,SS,1,32,0,0.7,1,6,3.6500000078376615e-05,-1,1.0,6.0
cpu,SS,1,32,0,0.7,1,7,3.599999990910874e-05,-1,1.0,6.0
cpu,DS,1,32,0,0.7,1,7,4.060000037497957e-05,-1,1.0,6.0
cpu,DS,1,32,0,0.7,1,8,3.6299999919719994e-05,-1,1.0,6.0
cpu,SS,1,32,0,0.7,1,8,3.779999997277628e-05,-1,1.0,6.0
cpu,SS,1,32,0,0.7,1,9,3.6299999919719994e-05,-1,1.0,6.0
cpu,DS,1,32,0,0.7,1,9,2.5499999992462108e-05,-1,1.0,6.0
cpu,DS,1,32,0,0.7,1,10,2.519999998185085e-05,-1,1.0,6.0
cpu,SS,1,32,0,0.7,1,10,3.689999994094251e-05,-1,1.0,6.0
cpu,SS,1,32,0,0.7,1,11,3.569999989849748e-05,-1,1.0,6.0
cpu,DS,1,32,0,0.7,1,11,2.5599999844416743e-05,-1,1.0,6.0
cpu,DS,1,32,0,0.7,1,12,2.4599999960628338e-05,-1,1.0,6.0
cpu,SS,1,32,0,0.7,1,12,3.670000023703324e-05,-1,1.0,6.0
cpu,SS,1,32,0,0.7,1,13,3.6500000078376615e-05,-1,1.0,6.0
cpu,DS,1,32,0,0.7,1,13,2.6300000172341242e-05,-1,1.0,6.0
cpu,DS,1,32,0,0.7,1,14,2.5299999833805487e-05,-1,1.0,6.0
cpu,SS,1,32,0,0.7,1,14,3.6500000078376615e-05,-1,1.0,6.0
gpu,DS,1,32,0,0.7,1,0,0.0003461120128631592,375,1.0,6.0
gpu,SS,1,32,0,0.7,1,0,0.00013516800105571746,375,1.0,6.0
gpu,SS,1,32,0,0.7,1,1,0.0001793919950723648,375,1.0,6.0
gpu,DS,1,32,0,0.7,1,1,0.00027692800760269166,375,1.0,6.0
gpu,DS,1,32,0,0.7,1,2,0.00029884800314903257,375,1.0,6.0
gpu,SS,1,32,0,0.7,1,2,0.00018505600094795226,375,1.0,6.0
gpu,SS,1,32,0,0.7,1,3,0.00014950400590896606,375,1.0,6.0
gpu,DS,1,32,0,0.7,1,3,0.0003324480056762695,375,1.0,6.0
gpu,DS,1,32,0,0.7,1,4,0.0003150080144405365,375,1.0,6.0
gpu,SS,1,32,0,0.7,1,4,3.2767999917268756e-05,375,1.0,6.0
gpu,SS,1,32,0,0.7,1,5,0.0001395519971847534,375,1.0,6.0
gpu,DS,1,32,0,0.7,1,5,0.0003744640052318573,375,1.0,6.0
gpu,DS,1,32,0,0.7,1,6,0.0002680639922618866,375,1.0,6.0
gpu,SS,1,32,0,0.7,1,6,0.00013763199746608733,375,1.0,6.0
gpu,SS,1,32,0,0.7,1,7,0.00012614400684833526,375,1.0,6.0
gpu,DS,1,32,0,0.7,1,7,0.0003112640082836151,375,1.0,6.0
gpu,DS,1,32,0,0.7,1,8,0.0002744320034980774,375,1.0,6.0
gpu,SS,1,32,0,0.7,1,8,0.00013977600634098054,375,1.0,6.0
gpu,SS,1,32,0,0.7,1,9,0.0001372479945421219,375,1.0,6.0
gpu,DS,1,32,0,0.7,1,9,0.0002762559950351715,375,1.0,6.0
gpu,DS,1,32,0,0.7,1,10,0.0002714880108833313,375,1.0,6.0
gpu,SS,1,32,0,0.7,1,10,0.0001393280029296875,375,1.0,6.0
gpu,SS,1,32,0,0.7,1,11,0.00013718399405479432,375,1.0,6.0
gpu,DS,1,32,0,0.7,1,11,0.00028467199206352233,375,1.0,6.0
gpu,DS,1,32,0,0.7,1,12,0.0003890880048274994,375,1.0,6.0
gpu,SS,1,32,0,0.7,1,12,0.0001510079950094223,375,1.0,6.0
gpu,SS,1,32,0,0.7,1,13,0.000141184002161026,375,1.0,6.0
gpu,DS,1,32,0,0.7,1,13,0.00027695998549461366,375,1.0,6.0
gpu,DS,1,32,0,0.7,1,14,0.0003525440096855164,375,1.0,6.0
gpu,SS,1,32,0,0.7,1,14,0.00012284799665212632,375,1.0,6.0
cpu,DS,1,32,0,1.0,1,0,1.609999981155852e-05,-1,1.0,6.0
cpu,SS,1,32,0,1.0,1,0,2.3599999622092582e-05,-1,1.0,6.0
cpu,SS,1,32,0,1.0,1,1,2.229999972769292e-05,-1,1.0,6.0
cpu,DS,1,32,0,1.0,1,1,1.6399999822169775e-05,-1,1.0,6.0
cpu,DS,1,32,0,1.0,1,2,1.559999964229064e-05,-1,1.0,6.0
cpu,SS,1,32,0,1.0,1,2,2.230000018244027e-05,-1,1.0,6.0
cpu,SS,1,32,0,1.0,1,3,2.1800000013172394e-05,-1,1.0,6.0
cpu,DS,1,32,0,1.0,1,3,1.6200000118260505e-05,-1,1.0,6.0
cpu,DS,1,32,0,1.0,1,4,1.5500000245083356e-05,-1,1.0,6.0
cpu,SS,1,32,0,1.0,1,4,2.230000018244027e-05,-1,1.0,6.0
cpu,SS,1,32,0,1.0,1,5,2.210000002378365e-05,-1,1.0,6.0
cpu,DS,1,32,0,1.0,1,5,1.5799999800947262e-05,-1,1.0,6.0
cpu,DS,1,32,0,1.0,1,6,1.5500000245083356e-05,-1,1.0,6.0
cpu,SS,1,32,0,1.0,1,6,2.2700000045006163e-05,-1,1.0,6.0
cpu,SS,1,32,0,1.0,1,7,2.1800000013172394e-05,-1,1.0,6.0
cpu,DS,1,32,0,1.0,1,7,1.5900000107649248e-05,-1,1.0,6.0
cpu,DS,1,32,0,1.0,1,8,1.560000009703799e-05,-1,1.0,6.0
cpu,SS,1,32,0,1.0,1,8,2.230000018244027e-05,-1,1.0,6.0
cpu,SS,1,32,0,1.0,1,9,2.210000002378365e-05,-1,1.0,6.0
cpu,DS,1,32,0,1.0,1,9,1.5900000107649248e-05,-1,1.0,6.0
cpu,DS,1,32,0,1.0,1,10,1.5499999790336005e-05,-1,1.0,6.0
cpu,SS,1,32,0,1.0,1,10,2.1800000013172394e-05,-1,1.0,6.0
cpu,SS,1,32,0,1.0,1,11,2.2000000171829015e-05,-1,1.0,6.0
cpu,DS,1,32,0,1.0,1,11,1.5900000107649248e-05,-1,1.0,6.0
cpu,DS,1,32,0,1.0,1,12,1.539999993838137e-05,-1,1.0,6.0
cpu,SS,1,32,0,1.0,1,12,2.189999986512703e-05,-1,1.0,6.0
cpu,SS,1,32,0,1.0,1,13,2.2000000171829015e-05,-1,1.0,6.0
cpu,DS,1,32,0,1.0,1,13,1.5799999800947262e-05,-1,1.0,6.0
cpu,DS,1,32,0,1.0,1,14,1.5199999779724749e-05,-1,1.0,6.0
cpu,SS,1,32,0,1.0,1,14,2.189999986512703e-05,-1,1.0,6.0
gpu,DS,1,32,0,1.0,1,0,0.0002975040078163147,375,1.0,6.0
gpu,SS,1,32,0,1.0,1,0,0.00019193600118160248,375,1.0,6.0
gpu,SS,1,32,0,1.0,1,1,0.00016383999586105347,375,1.0,6.0
gpu,DS,1,32,0,1.0,1,1,0.00029699200391769407,375,1.0,6.0
gpu,DS,1,32,0,1.0,1,2,0.00034409600496292114,375,1.0,6.0
gpu,SS,1,32,0,1.0,1,2,0.0001720000058412552,375,1.0,6.0
gpu,SS,1,32,0,1.0,1,3,0.00018025599420070648,375,1.0,6.0
gpu,DS,1,32,0,1.0,1,3,0.0012416000366210938,375,1.0,6.0
gpu,DS,1,32,0,1.0,1,4,0.0004113599956035614,375,1.0,6.0
gpu,SS,1,32,0,1.0,1,4,0.00014131200313568116,375,1.0,6.0
gpu,SS,1,32,0,1.0,1,5,0.0001290239989757538,375,1.0,6.0
gpu,DS,1,32,0,1.0,1,5,0.0003373120129108429,375,1.0,6.0
gpu,DS,1,32,0,1.0,1,6,0.0002640320062637329,375,1.0,6.0
gpu,SS,1,32,0,1.0,1,6,0.00016419200599193572,375,1.0,6.0
gpu,SS,1,32,0,1.0,1,7,0.00018054400384426116,375,1.0,6.0
gpu,DS,1,32,0,1.0,1,7,0.0003604480028152466,375,1.0,6.0
gpu,DS,1,32,0,1.0,1,8,0.00029289600253105166,375,1.0,6.0
gpu,SS,1,32,0,1.0,1,8,0.00014515200257301332,375,1.0,6.0
gpu,SS,1,32,0,1.0,1,9,0.0001337919980287552,375,1.0,6.0
gpu,DS,1,32,0,1.0,1,9,0.00040486401319503784,375,1.0,6.0
gpu,DS,1,32,0,1.0,1,10,0.00029260799288749695,375,1.0,6.0
gpu,SS,1,32,0,1.0,1,10,0.00013740800321102142,375,1.0,6.0
gpu,SS,1,32,0,1.0,1,11,0.0001842239946126938,375,1.0,6.0
gpu,DS,1,32,0,1.0,1,11,0.000409631997346878,375,1.0,6.0
gpu,DS,1,32,0,1.0,1,12,0.0002990080118179321,375,1.0,6.0
gpu,SS,1,32,0,1.0,1,12,0.00015331199765205382,375,1.0,6.0
gpu,SS,1,32,0,1.0,1,13,0.00016870400309562683,375,1.0,6.0
gpu,DS,1,32,0,1.0,1,13,0.0003253119885921478,375,1.0,6.0
gpu,DS,1,32,0,1.0,1,14,0.0004901759922504425,375,1.0,6.0
gpu,SS,1,32,0,1.0,1,14,0.00017414399981498718,375,1.0,6.0
