platform,log2N,s_pred,s_meas,rel_err
cpu,17,0.37530417429859114,0.1207647456618351,2.1077295964297083
cpu,18,0.36590907182009497,0.1222720327354657,1.992581898198548
cpu,19,0.40581014220665,0.1257878967303469,2.2261461774544995
cpu,20,0.3797689639452459,0.1271401355466216,1.9870108468303993
cpu,21,0.37121040384859694,0.1716028836953123,1.1631944397140535
cpu,22,0.3720903278601526,0.2411986886574271,0.5426714379389932
gpu,17,0.8047879320143227,inf,
gpu,18,0.2791734742531551,0.2698383731605159,0.034595157772783165
gpu,19,0.0430951874127332,0.0395226975996506,0.090390839442958
gpu,20,0.09467613263423214,0.0787943957181199,0.20155921968013776
gpu,21,0.17049904261146834,0.1262344666850919,0.3506536454643574
gpu,22,0.19077124497466555,0.176556921342005,0.08050844750020444
