tag,acc_val,cert,oracle,allcore,viol,R,rate,norec
A_h1_cert03,92.76073619631902,61.403056383132935,64.05069589614868,60.95937609672546,0,0.6516876220703125,3.8860153406858444,11.28834355828221
A_h1_cert10,91.53374233128835,62.575695514678955,65.21736145019531,61.926693916320794,0,0.6232026219367981,3.1446680426597595,10.920245398773005
A_h1_l1_01,92.39263803680981,60.494723320007324,64.43958520889282,59.92109537124634,0,0.46104732155799866,4.168964922428131,11.533742331288344
A_h1_l1_03,93.25153374233128,63.369444608688354,65.09402751922607,62.711981534957886,0,0.3785468339920044,4.047480225563049,6.5030674846625764
A_h2_cert03,91.77914110429448,59.981249570846565,63.446279764175415,58.81080746650695,0,0.9693484902381897,3.64990234375,14.478527607361963
A_h2_cert10,94.3558282208589,64.53586220741272,66.56041622161865,62.7300786972046,0,0.9083093404769897,3.0940232798457146,14.723926380368098
A_h2_l1_01,93.12883435582822,61.18467330932618,64.31979179382324,59.930990934371955,0,0.7584249973297119,3.6255858838558197,12.76073619631902
A_h2_l1_03,92.39263803680981,63.21011781692505,64.64761853218079,61.685938835144036,0,0.698752224445343,3.871757537126541,7.2392638036809815
A_h4_cert03,93.25153374233128,65.82899451255798,68.10538291931152,49.37278747558594,0,1.5912373065948486,2.569843642413616,15.950920245398773
A_h4_cert10,92.02453987730061,65.32100796699524,66.82448148727417,48.99075627326965,0,1.583385705947876,2.5633202865719795,13.742331288343559
A_h4_l1_01,93.37423312883436,64.62812542915344,67.07673668861389,48.47395956516266,0,1.356830358505249,2.8678709641098976,11.28834355828221
A_h4_l1_03,93.12883435582822,63.84010553359985,65.05208492279053,47.89583444595337,0,1.3650901317596436,2.8495116159319878,11.533742331288344
C_a05_l01,92.88343558282209,4.899739697575569,62.93567895889283,4.899739697575569,0,0.7813565135002136,3.860742226243019,10.429447852760736
C_a05_l03,93.25153374233128,56.525001525878906,63.73268365859985,56.525001525878906,0,0.6482625007629395,4.1725389659404755,12.515337423312884
C_a05_l10,93.00613496932515,59.739844799041755,64.44505333900452,59.739844799041755,0,0.5174773931503296,3.3656444400548935,12.147239263803682
C_a0_l01,94.60122699386503,0.0,61.85312747955323,0.0,0,4.547756671905518,4.217343777418137,12.024539877300613
C_a0_l03,93.37423312883436,0.0,61.90885543823242,0.0,0,4.309205532073975,4.321503639221191,13.742331288343559
C_a0_l10,92.76073619631902,0.0,62.75182366371155,0.0,0,4.046406269073486,4.094882681965828,23.43558282208589
ref_cert03,92.02453987730061,61.4063835144043,64.38112020492554,61.4063835144043,0,0.33512601256370544,3.4929491579532623,10.061349693251534
ref_clamp,94.3558282208589,66.52291655540466,69.68789219856262,66.52291655540466,0,0.3243612051010132,1.8535351380705833,19.509202453987733
ref_ctrl,93.49693251533743,0.0,62.61354207992553,0.0,0,4.828920364379883,3.9440039545297623,12.147239263803682
ref_l1,93.9877300613497,58.75703454017639,63.37851643562317,58.75703454017639,0,0.16114044189453125,3.973710909485817,6.871165644171779
